year,month,day,hour,minute,btotal,bx,by,bz
2018,04,28,19,59,617.1,617.1,617.1,617.1
2018,04,28,20,00,616.9,616.9,616.9,616.9
2018,04,28,20,01,617.4,617.4,617.4,617.4
2018,04,28,20,02,617.9,617.9,617.9,617.9
2018,04,28,20,03,617.3,617.3,617.3,617.3
2018,04,28,20,04,618.5,618.5,618.5,618.5
2018,04,28,20,05,617.8,617.8,617.8,617.8
2018,04,28,20,06,619.3,619.3,619.3,619.3
2018,04,28,20,07,619.2,619.2,619.2,619.2
2018,04,28,20,08,617.1,617.1,617.1,617.1
2018,04,28,20,09,618.5,618.5,618.5,618.5
2018,04,28,20,10,619.4,619.4,619.4,619.4
2018,04,28,20,11,620.6,620.6,620.6,620.6
2018,04,28,20,12,619.5,619.5,619.5,619.5
2018,04,28,20,13,620.7,620.7,620.7,620.7
2018,04,28,20,14,607.0,607.0,607.0,607.0
2018,04,28,20,15,619.5,619.5,619.5,619.5
2018,04,28,20,16,621.2,621.2,621.2,621.2
2018,04,28,20,17,620.7,620.7,620.7,620.7
2018,04,28,20,18,621.2,621.2,621.2,621.2
2018,04,28,20,19,620.0,620.0,620.0,620.0
2018,04,28,20,20,621.1,621.1,621.1,621.1
2018,04,28,20,21,622.6,622.6,622.6,622.6
2018,04,28,20,22,621.4,621.4,621.4,621.4
2018,04,28,20,23,620.0,620.0,620.0,620.0
2018,04,28,20,24,621.8,621.8,621.8,621.8
2018,04,28,20,25,622.8,622.8,622.8,622.8
2018,04,28,20,26,622.2,622.2,622.2,622.2
2018,04,28,20,27,624.0,624.0,624.0,624.0
2018,04,28,20,28,623.2,623.2,623.2,623.2
2018,04,28,20,29,623.3,623.3,623.3,623.3
2018,04,28,20,30,621.6,621.6,621.6,621.6
2018,04,28,20,31,622.4,622.4,622.4,622.4
2018,04,28,20,32,625.8,625.8,625.8,625.8
2018,04,28,20,33,625.5,625.5,625.5,625.5
2018,04,28,20,34,627.9,627.9,627.9,627.9
2018,04,28,20,35,628.5,628.5,628.5,628.5
2018,04,28,20,36,622.6,622.6,622.6,622.6
2018,04,28,20,37,620.8,620.8,620.8,620.8
2018,04,28,20,38,627.5,627.5,627.5,627.5
2018,04,28,20,39,627.2,627.2,627.2,627.2
2018,04,28,20,40,626.1,626.1,626.1,626.1
2018,04,28,20,41,628.8,628.8,628.8,628.8
2018,04,28,20,42,627.9,627.9,627.9,627.9
2018,04,28,20,43,629.3,629.3,629.3,629.3
2018,04,28,20,44,628.6,628.6,628.6,628.6
2018,04,28,20,45,631.2,631.2,631.2,631.2
2018,04,28,20,46,633.8,633.8,633.8,633.8
2018,04,28,20,47,629.9,629.9,629.9,629.9
2018,04,28,20,48,629.7,629.7,629.7,629.7
2018,04,28,20,49,628.4,628.4,628.4,628.4
2018,04,28,20,50,628.2,628.2,628.2,628.2
2018,04,28,20,51,629.6,629.6,629.6,629.6
2018,04,28,20,52,630.2,630.2,630.2,630.2
2018,04,28,20,53,632.4,632.4,632.4,632.4
2018,04,28,20,54,630.0,630.0,630.0,630.0
2018,04,28,20,55,630.7,630.7,630.7,630.7
2018,04,28,20,56,631.6,631.6,631.6,631.6
2018,04,28,20,57,632.9,632.9,632.9,632.9
2018,04,28,20,58,633.0,633.0,633.0,633.0
2018,04,28,20,59,633.4,633.4,633.4,633.4
2018,04,28,21,00,632.2,632.2,632.2,632.2
2018,04,28,21,01,632.3,632.3,632.3,632.3
2018,04,28,21,02,631.9,631.9,631.9,631.9
2018,04,28,21,03,631.8,631.8,631.8,631.8
2018,04,28,21,04,631.1,631.1,631.1,631.1
2018,04,28,21,05,631.2,631.2,631.2,631.2
2018,04,28,21,06,631.1,631.1,631.1,631.1
2018,04,28,21,07,629.4,629.4,629.4,629.4
2018,04,28,21,08,630.8,630.8,630.8,630.8
2018,04,28,21,09,632.6,632.6,632.6,632.6
2018,04,28,21,10,630.0,630.0,630.0,630.0
2018,04,28,21,11,629.6,629.6,629.6,629.6
2018,04,28,21,12,629.5,629.5,629.5,629.5
2018,04,28,21,13,631.2,631.2,631.2,631.2
2018,04,28,21,14,630.4,630.4,630.4,630.4
2018,04,28,21,15,630.5,630.5,630.5,630.5
2018,04,28,21,16,630.7,630.7,630.7,630.7
2018,04,28,21,17,629.3,629.3,629.3,629.3
2018,04,28,21,18,630.8,630.8,630.8,630.8
2018,04,28,21,19,632.0,632.0,632.0,632.0
2018,04,28,21,20,631.8,631.8,631.8,631.8
2018,04,28,21,21,632.4,632.4,632.4,632.4
2018,04,28,21,22,631.7,631.7,631.7,631.7
2018,04,28,21,23,630.7,630.7,630.7,630.7
2018,04,28,21,24,632.6,632.6,632.6,632.6
2018,04,28,21,25,632.4,632.4,632.4,632.4
2018,04,28,21,26,631.4,631.4,631.4,631.4
2018,04,28,21,27,630.5,630.5,630.5,630.5
2018,04,28,21,28,629.8,629.8,629.8,629.8
2018,04,28,21,29,632.0,632.0,632.0,632.0
2018,04,28,21,30,629.5,629.5,629.5,629.5
2018,04,28,21,31,629.9,629.9,629.9,629.9
2018,04,28,21,32,630.6,630.6,630.6,630.6
2018,04,28,21,33,628.1,628.1,628.1,628.1
2018,04,28,21,34,628.9,628.9,628.9,628.9
2018,04,28,21,35,629.8,629.8,629.8,629.8
2018,04,28,21,36,629.6,629.6,629.6,629.6
2018,04,28,21,37,630.0,630.0,630.0,630.0
2018,04,28,21,38,628.9,628.9,628.9,628.9
2018,04,28,21,39,632.0,632.0,632.0,632.0
2018,04,28,21,40,630.6,630.6,630.6,630.6
2018,04,28,21,41,629.3,629.3,629.3,629.3
2018,04,28,21,42,631.3,631.3,631.3,631.3
2018,04,28,21,43,632.9,632.9,632.9,632.9
2018,04,28,21,44,631.9,631.9,631.9,631.9
2018,04,28,21,45,631.0,631.0,631.0,631.0
2018,04,28,21,46,631.8,631.8,631.8,631.8
2018,04,28,21,47,631.1,631.1,631.1,631.1
2018,04,28,21,48,630.8,630.8,630.8,630.8
2018,04,28,21,49,632.5,632.5,632.5,632.5
2018,04,28,21,50,631.5,631.5,631.5,631.5
2018,04,28,21,51,631.6,631.6,631.6,631.6
2018,04,28,21,52,629.2,629.2,629.2,629.2
2018,04,28,21,53,630.3,630.3,630.3,630.3
2018,04,28,21,54,630.9,630.9,630.9,630.9
2018,04,28,21,55,632.7,632.7,632.7,632.7
2018,04,28,21,56,631.9,631.9,631.9,631.9
2018,04,28,21,57,632.0,632.0,632.0,632.0
2018,04,28,21,58,632.9,632.9,632.9,632.9
2018,04,28,21,59,633.6,633.6,633.6,633.6
2018,04,28,22,00,633.4,633.4,633.4,633.4
2018,04,28,22,01,633.2,633.2,633.2,633.2
2018,04,28,22,02,633.6,633.6,633.6,633.6
2018,04,28,22,03,633.6,633.6,633.6,633.6
2018,04,28,22,04,633.4,633.4,633.4,633.4
2018,04,28,22,05,632.7,632.7,632.7,632.7
2018,04,28,22,06,634.0,634.0,634.0,634.0
2018,04,28,22,07,634.5,634.5,634.5,634.5
2018,04,28,22,08,633.2,633.2,633.2,633.2
2018,04,28,22,09,634.7,634.7,634.7,634.7
2018,04,28,22,10,633.9,633.9,633.9,633.9
2018,04,28,22,11,634.2,634.2,634.2,634.2
2018,04,28,22,12,635.6,635.6,635.6,635.6
2018,04,28,22,13,635.1,635.1,635.1,635.1
2018,04,28,22,14,635.6,635.6,635.6,635.6
2018,04,28,22,15,635.1,635.1,635.1,635.1
2018,04,28,22,16,636.4,636.4,636.4,636.4
2018,04,28,22,17,636.1,636.1,636.1,636.1
2018,04,28,22,18,632.1,632.1,632.1,632.1
2018,04,28,22,19,634.6,634.6,634.6,634.6
2018,04,28,22,20,633.7,633.7,633.7,633.7
2018,04,28,22,21,633.3,633.3,633.3,633.3
2018,04,28,22,22,633.9,633.9,633.9,633.9
2018,04,28,22,23,634.1,634.1,634.1,634.1
2018,04,28,22,24,634.7,634.7,634.7,634.7
2018,04,28,22,25,635.8,635.8,635.8,635.8
2018,04,28,22,26,635.9,635.9,635.9,635.9
2018,04,28,22,27,636.5,636.5,636.5,636.5
2018,04,28,22,28,636.2,636.2,636.2,636.2
2018,04,28,22,29,636.1,636.1,636.1,636.1
2018,04,28,22,30,636.4,636.4,636.4,636.4
2018,04,28,22,31,635.7,635.7,635.7,635.7
2018,04,28,22,32,636.5,636.5,636.5,636.5
2018,04,28,22,33,633.9,633.9,633.9,633.9
2018,04,28,22,34,637.2,637.2,637.2,637.2
2018,04,28,22,35,635.8,635.8,635.8,635.8
2018,04,28,22,36,635.8,635.8,635.8,635.8
2018,04,28,22,37,635.3,635.3,635.3,635.3
2018,04,28,22,38,634.5,634.5,634.5,634.5
2018,04,28,22,39,635.8,635.8,635.8,635.8
2018,04,28,22,40,635.2,635.2,635.2,635.2
2018,04,28,22,41,635.1,635.1,635.1,635.1
2018,04,28,22,42,636.6,636.6,636.6,636.6
2018,04,28,22,43,637.9,637.9,637.9,637.9
2018,04,28,22,44,636.7,636.7,636.7,636.7
2018,04,28,22,45,635.8,635.8,635.8,635.8
2018,04,28,22,46,635.9,635.9,635.9,635.9
2018,04,28,22,47,637.3,637.3,637.3,637.3
2018,04,28,22,48,636.4,636.4,636.4,636.4
2018,04,28,22,49,636.7,636.7,636.7,636.7
2018,04,28,22,50,636.5,636.5,636.5,636.5
2018,04,28,22,51,635.9,635.9,635.9,635.9
2018,04,28,22,52,638.1,638.1,638.1,638.1
2018,04,28,22,53,638.0,638.0,638.0,638.0
2018,04,28,22,54,635.4,635.4,635.4,635.4
2018,04,28,22,55,636.1,636.1,636.1,636.1
2018,04,28,22,56,636.1,636.1,636.1,636.1
2018,04,28,22,57,635.9,635.9,635.9,635.9
2018,04,28,22,58,636.3,636.3,636.3,636.3
2018,04,28,22,59,636.9,636.9,636.9,636.9
2018,04,28,23,00,636.4,636.4,636.4,636.4
2018,04,28,23,01,635.7,635.7,635.7,635.7
2018,04,28,23,02,638.2,638.2,638.2,638.2
2018,04,28,23,03,638.3,638.3,638.3,638.3
2018,04,28,23,04,639.0,639.0,639.0,639.0
2018,04,28,23,05,637.0,637.0,637.0,637.0
2018,04,28,23,06,632.3,632.3,632.3,632.3
2018,04,28,23,07,637.4,637.4,637.4,637.4
2018,04,28,23,08,636.7,636.7,636.7,636.7
2018,04,28,23,09,638.1,638.1,638.1,638.1
2018,04,28,23,10,636.1,636.1,636.1,636.1
2018,04,28,23,11,636.8,636.8,636.8,636.8
2018,04,28,23,12,637.0,637.0,637.0,637.0
2018,04,28,23,13,632.1,632.1,632.1,632.1
2018,04,28,23,14,633.4,633.4,633.4,633.4
2018,04,28,23,15,635.9,635.9,635.9,635.9
2018,04,28,23,16,635.6,635.6,635.6,635.6
2018,04,28,23,17,636.3,636.3,636.3,636.3
2018,04,28,23,18,637.0,637.0,637.0,637.0
2018,04,28,23,19,636.1,636.1,636.1,636.1
2018,04,28,23,20,635.2,635.2,635.2,635.2
2018,04,28,23,21,637.3,637.3,637.3,637.3
2018,04,28,23,22,637.8,637.8,637.8,637.8
2018,04,28,23,23,639.1,639.1,639.1,639.1
2018,04,28,23,24,639.8,639.8,639.8,639.8
2018,04,28,23,25,640.3,640.3,640.3,640.3
2018,04,28,23,26,638.8,638.8,638.8,638.8
2018,04,28,23,27,639.0,639.0,639.0,639.0
2018,04,28,23,28,638.1,638.1,638.1,638.1
2018,04,28,23,29,639.0,639.0,639.0,639.0
2018,04,28,23,30,638.4,638.4,638.4,638.4
2018,04,28,23,31,637.0,637.0,637.0,637.0
2018,04,28,23,32,637.4,637.4,637.4,637.4
2018,04,28,23,33,637.1,637.1,637.1,637.1
2018,04,28,23,34,636.9,636.9,636.9,636.9
2018,04,28,23,35,639.0,639.0,639.0,639.0
2018,04,28,23,36,638.9,638.9,638.9,638.9
2018,04,28,23,37,638.8,638.8,638.8,638.8
2018,04,28,23,38,638.4,638.4,638.4,638.4
2018,04,28,23,39,637.9,637.9,637.9,637.9
2018,04,28,23,40,638.7,638.7,638.7,638.7
2018,04,28,23,41,638.5,638.5,638.5,638.5
2018,04,28,23,42,638.5,638.5,638.5,638.5
2018,04,28,23,43,637.5,637.5,637.5,637.5
2018,04,28,23,44,637.3,637.3,637.3,637.3
2018,04,28,23,45,636.7,636.7,636.7,636.7
2018,04,28,23,46,637.5,637.5,637.5,637.5
2018,04,28,23,47,636.1,636.1,636.1,636.1
2018,04,28,23,48,638.8,638.8,638.8,638.8
2018,04,28,23,49,638.5,638.5,638.5,638.5
2018,04,28,23,50,637.5,637.5,637.5,637.5
2018,04,28,23,51,637.0,637.0,637.0,637.0
2018,04,28,23,52,637.4,637.4,637.4,637.4
2018,04,28,23,53,638.5,638.5,638.5,638.5
2018,04,28,23,54,638.5,638.5,638.5,638.5
2018,04,28,23,55,637.4,637.4,637.4,637.4
2018,04,28,23,56,637.6,637.6,637.6,637.6
2018,04,28,23,57,637.7,637.7,637.7,637.7
2018,04,28,23,58,638.0,638.0,638.0,638.0
2018,04,28,23,59,638.4,638.4,638.4,638.4
2018,04,29,00,00,637.9,637.9,637.9,637.9
2018,04,29,00,01,637.6,637.6,637.6,637.6
2018,04,29,00,02,637.8,637.8,637.8,637.8
2018,04,29,00,03,637.9,637.9,637.9,637.9
2018,04,29,00,04,637.2,637.2,637.2,637.2
2018,04,29,00,05,637.9,637.9,637.9,637.9
2018,04,29,00,06,638.6,638.6,638.6,638.6
2018,04,29,00,07,638.3,638.3,638.3,638.3
2018,04,29,00,08,638.1,638.1,638.1,638.1
2018,04,29,00,09,637.8,637.8,637.8,637.8
2018,04,29,00,10,639.2,639.2,639.2,639.2
2018,04,29,00,11,640.0,640.0,640.0,640.0
2018,04,29,00,12,638.8,638.8,638.8,638.8
2018,04,29,00,13,638.7,638.7,638.7,638.7
2018,04,29,00,14,638.2,638.2,638.2,638.2
2018,04,29,00,15,638.3,638.3,638.3,638.3
2018,04,29,00,16,638.8,638.8,638.8,638.8
2018,04,29,00,17,638.5,638.5,638.5,638.5
2018,04,29,00,18,639.8,639.8,639.8,639.8
2018,04,29,00,19,640.3,640.3,640.3,640.3
2018,04,29,00,20,639.9,639.9,639.9,639.9
2018,04,29,00,21,640.3,640.3,640.3,640.3
2018,04,29,00,22,639.3,639.3,639.3,639.3
2018,04,29,00,23,638.0,638.0,638.0,638.0
2018,04,29,00,24,637.7,637.7,637.7,637.7
2018,04,29,00,25,638.2,638.2,638.2,638.2
2018,04,29,00,26,640.1,640.1,640.1,640.1
2018,04,29,00,27,639.7,639.7,639.7,639.7
2018,04,29,00,28,640.1,640.1,640.1,640.1
2018,04,29,00,29,640.5,640.5,640.5,640.5
2018,04,29,00,30,639.9,639.9,639.9,639.9
2018,04,29,00,31,638.8,638.8,638.8,638.8
2018,04,29,00,32,638.4,638.4,638.4,638.4
2018,04,29,00,33,638.6,638.6,638.6,638.6
2018,04,29,00,34,638.6,638.6,638.6,638.6
2018,04,29,00,35,639.5,639.5,639.5,639.5
2018,04,29,00,36,639.7,639.7,639.7,639.7
2018,04,29,00,37,640.0,640.0,640.0,640.0
2018,04,29,00,38,640.0,640.0,640.0,640.0
2018,04,29,00,39,638.9,638.9,638.9,638.9
2018,04,29,00,40,639.0,639.0,639.0,639.0
2018,04,29,00,41,639.4,639.4,639.4,639.4
2018,04,29,00,42,639.9,639.9,639.9,639.9
2018,04,29,00,43,639.9,639.9,639.9,639.9
2018,04,29,00,44,638.4,638.4,638.4,638.4
2018,04,29,00,45,638.1,638.1,638.1,638.1
2018,04,29,00,46,637.7,637.7,637.7,637.7
2018,04,29,00,47,638.7,638.7,638.7,638.7
2018,04,29,00,48,639.6,639.6,639.6,639.6
2018,04,29,00,49,639.2,639.2,639.2,639.2
2018,04,29,00,50,639.0,639.0,639.0,639.0
2018,04,29,00,51,638.6,638.6,638.6,638.6
2018,04,29,00,52,637.3,637.3,637.3,637.3
2018,04,29,00,53,638.2,638.2,638.2,638.2
2018,04,29,00,54,638.6,638.6,638.6,638.6
2018,04,29,00,55,638.2,638.2,638.2,638.2
2018,04,29,00,56,638.2,638.2,638.2,638.2
2018,04,29,00,57,637.5,637.5,637.5,637.5
2018,04,29,00,58,639.5,639.5,639.5,639.5
2018,04,29,00,59,639.4,639.4,639.4,639.4
2018,04,29,01,00,639.9,639.9,639.9,639.9
2018,04,29,01,01,639.4,639.4,639.4,639.4
2018,04,29,01,02,638.6,638.6,638.6,638.6
2018,04,29,01,03,639.1,639.1,639.1,639.1
2018,04,29,01,04,638.8,638.8,638.8,638.8
2018,04,29,01,05,640.7,640.7,640.7,640.7
2018,04,29,01,06,639.4,639.4,639.4,639.4
2018,04,29,01,07,639.4,639.4,639.4,639.4
2018,04,29,01,08,639.9,639.9,639.9,639.9
2018,04,29,01,09,640.4,640.4,640.4,640.4
2018,04,29,01,10,640.0,640.0,640.0,640.0
2018,04,29,01,11,641.7,641.7,641.7,641.7
2018,04,29,01,12,641.1,641.1,641.1,641.1
2018,04,29,01,13,641.1,641.1,641.1,641.1
2018,04,29,01,14,640.5,640.5,640.5,640.5
2018,04,29,01,15,640.8,640.8,640.8,640.8
2018,04,29,01,16,641.3,641.3,641.3,641.3
2018,04,29,01,17,641.5,641.5,641.5,641.5
2018,04,29,01,18,642.1,642.1,642.1,642.1
2018,04,29,01,19,643.0,643.0,643.0,643.0
2018,04,29,01,20,643.6,643.6,643.6,643.6
2018,04,29,01,21,642.9,642.9,642.9,642.9
2018,04,29,01,22,641.5,641.5,641.5,641.5
2018,04,29,01,23,641.5,641.5,641.5,641.5
2018,04,29,01,24,640.9,640.9,640.9,640.9
2018,04,29,01,25,640.9,640.9,640.9,640.9
2018,04,29,01,26,641.2,641.2,641.2,641.2
2018,04,29,01,27,641.7,641.7,641.7,641.7
2018,04,29,01,28,641.9,641.9,641.9,641.9
2018,04,29,01,29,641.9,641.9,641.9,641.9
2018,04,29,01,30,640.8,640.8,640.8,640.8
2018,04,29,01,31,640.2,640.2,640.2,640.2
2018,04,29,01,32,639.9,639.9,639.9,639.9
2018,04,29,01,33,641.0,641.0,641.0,641.0
2018,04,29,01,34,640.9,640.9,640.9,640.9
2018,04,29,01,35,640.7,640.7,640.7,640.7
2018,04,29,01,36,641.0,641.0,641.0,641.0
2018,04,29,01,37,641.0,641.0,641.0,641.0
2018,04,29,01,38,641.3,641.3,641.3,641.3
2018,04,29,01,39,641.7,641.7,641.7,641.7
2018,04,29,01,40,642.2,642.2,642.2,642.2
2018,04,29,01,41,642.1,642.1,642.1,642.1
2018,04,29,01,42,642.1,642.1,642.1,642.1
2018,04,29,01,43,642.1,642.1,642.1,642.1
2018,04,29,01,44,642.3,642.3,642.3,642.3
2018,04,29,01,45,641.7,641.7,641.7,641.7
2018,04,29,01,46,641.7,641.7,641.7,641.7
2018,04,29,01,47,642.1,642.1,642.1,642.1
2018,04,29,01,48,642.6,642.6,642.6,642.6
2018,04,29,01,49,643.2,643.2,643.2,643.2
2018,04,29,01,50,643.5,643.5,643.5,643.5
2018,04,29,01,51,644.1,644.1,644.1,644.1
2018,04,29,01,52,643.3,643.3,643.3,643.3
2018,04,29,01,53,643.1,643.1,643.1,643.1
2018,04,29,01,54,643.1,643.1,643.1,643.1
2018,04,29,01,55,643.1,643.1,643.1,643.1
2018,04,29,01,56,643.1,643.1,643.1,643.1
2018,04,29,01,57,642.0,642.0,642.0,642.0
2018,04,29,01,58,642.9,642.9,642.9,642.9
2018,04,29,01,59,642.1,642.1,642.1,642.1
2018,04,29,02,00,643.5,643.5,643.5,643.5
2018,04,29,02,01,643.2,643.2,643.2,643.2
2018,04,29,02,02,643.1,643.1,643.1,643.1
2018,04,29,02,03,642.1,642.1,642.1,642.1
2018,04,29,02,04,643.3,643.3,643.3,643.3
2018,04,29,02,05,643.4,643.4,643.4,643.4
2018,04,29,02,06,643.2,643.2,643.2,643.2
2018,04,29,02,07,641.5,641.5,641.5,641.5
2018,04,29,02,08,642.8,642.8,642.8,642.8
2018,04,29,02,09,642.6,642.6,642.6,642.6
2018,04,29,02,10,642.3,642.3,642.3,642.3
2018,04,29,02,11,642.9,642.9,642.9,642.9
2018,04,29,02,12,642.5,642.5,642.5,642.5
2018,04,29,02,13,643.1,643.1,643.1,643.1
2018,04,29,02,14,642.6,642.6,642.6,642.6
2018,04,29,02,15,642.6,642.6,642.6,642.6
2018,04,29,02,16,642.9,642.9,642.9,642.9
2018,04,29,02,17,643.2,643.2,643.2,643.2
2018,04,29,02,18,643.3,643.3,643.3,643.3
2018,04,29,02,19,642.7,642.7,642.7,642.7
2018,04,29,02,20,642.8,642.8,642.8,642.8
2018,04,29,02,21,642.6,642.6,642.6,642.6
2018,04,29,02,22,642.9,642.9,642.9,642.9
2018,04,29,02,23,643.2,643.2,643.2,643.2
2018,04,29,02,24,643.7,643.7,643.7,643.7
2018,04,29,02,25,642.6,642.6,642.6,642.6
2018,04,29,02,26,643.1,643.1,643.1,643.1
2018,04,29,02,27,643.7,643.7,643.7,643.7
2018,04,29,02,28,643.6,643.6,643.6,643.6
2018,04,29,02,29,645.1,645.1,645.1,645.1
2018,04,29,02,30,645.3,645.3,645.3,645.3
2018,04,29,02,31,645.1,645.1,645.1,645.1
2018,04,29,02,32,644.8,644.8,644.8,644.8
2018,04,29,02,33,645.9,645.9,645.9,645.9
2018,04,29,02,34,645.6,645.6,645.6,645.6
2018,04,29,02,35,645.9,645.9,645.9,645.9
2018,04,29,02,36,645.4,645.4,645.4,645.4
2018,04,29,02,37,645.7,645.7,645.7,645.7
2018,04,29,02,38,645.0,645.0,645.0,645.0
2018,04,29,02,39,645.3,645.3,645.3,645.3
2018,04,29,02,40,644.6,644.6,644.6,644.6
2018,04,29,02,41,644.7,644.7,644.7,644.7
2018,04,29,02,42,645.1,645.1,645.1,645.1
2018,04,29,02,43,645.0,645.0,645.0,645.0
2018,04,29,02,44,645.3,645.3,645.3,645.3
2018,04,29,02,45,645.6,645.6,645.6,645.6
2018,04,29,02,46,645.7,645.7,645.7,645.7
2018,04,29,02,47,645.4,645.4,645.4,645.4
2018,04,29,02,48,645.2,645.2,645.2,645.2
2018,04,29,02,49,645.1,645.1,645.1,645.1
2018,04,29,02,50,644.8,644.8,644.8,644.8
2018,04,29,02,51,645.1,645.1,645.1,645.1
2018,04,29,02,52,645.0,645.0,645.0,645.0
2018,04,29,02,53,644.4,644.4,644.4,644.4
2018,04,29,02,54,645.2,645.2,645.2,645.2
2018,04,29,02,55,643.9,643.9,643.9,643.9
2018,04,29,02,56,644.1,644.1,644.1,644.1
2018,04,29,02,57,644.5,644.5,644.5,644.5
2018,04,29,02,58,644.4,644.4,644.4,644.4
2018,04,29,02,59,644.8,644.8,644.8,644.8
2018,04,29,03,00,645.6,645.6,645.6,645.6
2018,04,29,03,01,645.6,645.6,645.6,645.6
2018,04,29,03,02,645.1,645.1,645.1,645.1
2018,04,29,03,03,645.2,645.2,645.2,645.2
2018,04,29,03,04,645.2,645.2,645.2,645.2
2018,04,29,03,05,645.2,645.2,645.2,645.2
2018,04,29,03,06,645.6,645.6,645.6,645.6
2018,04,29,03,07,645.2,645.2,645.2,645.2
2018,04,29,03,08,645.6,645.6,645.6,645.6
2018,04,29,03,09,645.9,645.9,645.9,645.9
2018,04,29,03,10,645.1,645.1,645.1,645.1
2018,04,29,03,11,645.3,645.3,645.3,645.3
2018,04,29,03,12,645.4,645.4,645.4,645.4
2018,04,29,03,13,645.5,645.5,645.5,645.5
2018,04,29,03,14,644.7,644.7,644.7,644.7
2018,04,29,03,15,644.7,644.7,644.7,644.7
2018,04,29,03,16,645.0,645.0,645.0,645.0
2018,04,29,03,17,645.2,645.2,645.2,645.2
2018,04,29,03,18,644.8,644.8,644.8,644.8
2018,04,29,03,19,644.7,644.7,644.7,644.7
2018,04,29,03,20,644.9,644.9,644.9,644.9
2018,04,29,03,21,644.9,644.9,644.9,644.9
2018,04,29,03,22,645.0,645.0,645.0,645.0
2018,04,29,03,23,644.7,644.7,644.7,644.7
2018,04,29,03,24,645.1,645.1,645.1,645.1
2018,04,29,03,25,645.2,645.2,645.2,645.2
2018,04,29,03,26,644.5,644.5,644.5,644.5
2018,04,29,03,27,645.1,645.1,645.1,645.1
2018,04,29,03,28,645.0,645.0,645.0,645.0
2018,04,29,03,29,645.2,645.2,645.2,645.2
2018,04,29,03,30,645.5,645.5,645.5,645.5
2018,04,29,03,31,645.2,645.2,645.2,645.2
2018,04,29,03,32,645.6,645.6,645.6,645.6
2018,04,29,03,33,645.5,645.5,645.5,645.5
2018,04,29,03,34,646.2,646.2,646.2,646.2
2018,04,29,03,35,645.3,645.3,645.3,645.3
2018,04,29,03,36,645.1,645.1,645.1,645.1
2018,04,29,03,37,645.1,645.1,645.1,645.1
2018,04,29,03,38,645.6,645.6,645.6,645.6
2018,04,29,03,39,645.4,645.4,645.4,645.4
2018,04,29,03,40,646.3,646.3,646.3,646.3
2018,04,29,03,41,646.6,646.6,646.6,646.6
2018,04,29,03,42,647.6,647.6,647.6,647.6
2018,04,29,03,43,646.7,646.7,646.7,646.7
2018,04,29,03,44,646.1,646.1,646.1,646.1
2018,04,29,03,45,645.6,645.6,645.6,645.6
2018,04,29,03,46,645.1,645.1,645.1,645.1
2018,04,29,03,47,645.6,645.6,645.6,645.6
2018,04,29,03,48,644.6,644.6,644.6,644.6
2018,04,29,03,49,644.3,644.3,644.3,644.3
2018,04,29,03,50,644.2,644.2,644.2,644.2
2018,04,29,03,51,645.9,645.9,645.9,645.9
2018,04,29,03,52,646.3,646.3,646.3,646.3
2018,04,29,03,53,645.4,645.4,645.4,645.4
2018,04,29,03,54,644.8,644.8,644.8,644.8
2018,04,29,03,55,645.3,645.3,645.3,645.3
2018,04,29,03,56,644.9,644.9,644.9,644.9
2018,04,29,03,57,644.4,644.4,644.4,644.4
2018,04,29,03,58,644.5,644.5,644.5,644.5
2018,04,29,03,59,645.1,645.1,645.1,645.1
2018,04,29,04,00,644.8,644.8,644.8,644.8
2018,04,29,04,01,645.2,645.2,645.2,645.2
2018,04,29,04,02,646.7,646.7,646.7,646.7
2018,04,29,04,03,646.9,646.9,646.9,646.9
2018,04,29,04,04,645.5,645.5,645.5,645.5
2018,04,29,04,05,644.5,644.5,644.5,644.5
2018,04,29,04,06,645.4,645.4,645.4,645.4
2018,04,29,04,07,645.2,645.2,645.2,645.2
2018,04,29,04,08,643.4,643.4,643.4,643.4
2018,04,29,04,09,645.4,645.4,645.4,645.4
2018,04,29,04,10,647.0,647.0,647.0,647.0
2018,04,29,04,11,646.8,646.8,646.8,646.8
2018,04,29,04,12,646.0,646.0,646.0,646.0
2018,04,29,04,13,646.3,646.3,646.3,646.3
2018,04,29,04,14,646.9,646.9,646.9,646.9
2018,04,29,04,15,645.9,645.9,645.9,645.9
2018,04,29,04,16,646.1,646.1,646.1,646.1
2018,04,29,04,17,645.4,645.4,645.4,645.4
2018,04,29,04,18,645.5,645.5,645.5,645.5
2018,04,29,04,19,645.7,645.7,645.7,645.7
2018,04,29,04,20,645.8,645.8,645.8,645.8
2018,04,29,04,21,645.5,645.5,645.5,645.5
2018,04,29,04,22,645.9,645.9,645.9,645.9
2018,04,29,04,23,645.1,645.1,645.1,645.1
2018,04,29,04,24,644.3,644.3,644.3,644.3
2018,04,29,04,25,644.8,644.8,644.8,644.8
2018,04,29,04,26,644.5,644.5,644.5,644.5
2018,04,29,04,27,644.5,644.5,644.5,644.5
2018,04,29,04,28,644.9,644.9,644.9,644.9
2018,04,29,04,29,645.1,645.1,645.1,645.1
2018,04,29,04,30,644.8,644.8,644.8,644.8
2018,04,29,04,31,643.8,643.8,643.8,643.8
2018,04,29,04,32,644.1,644.1,644.1,644.1
2018,04,29,04,33,644.0,644.0,644.0,644.0
2018,04,29,04,34,642.8,642.8,642.8,642.8
2018,04,29,04,35,643.1,643.1,643.1,643.1
2018,04,29,04,36,642.9,642.9,642.9,642.9
2018,04,29,04,37,642.8,642.8,642.8,642.8
2018,04,29,04,38,642.4,642.4,642.4,642.4
2018,04,29,04,39,644.0,644.0,644.0,644.0
2018,04,29,04,40,643.1,643.1,643.1,643.1
2018,04,29,04,41,643.6,643.6,643.6,643.6
2018,04,29,04,42,642.8,642.8,642.8,642.8
2018,04,29,04,43,644.1,644.1,644.1,644.1
2018,04,29,04,44,644.4,644.4,644.4,644.4
2018,04,29,04,45,643.4,643.4,643.4,643.4
2018,04,29,04,46,643.2,643.2,643.2,643.2
2018,04,29,04,47,642.8,642.8,642.8,642.8
2018,04,29,04,48,643.4,643.4,643.4,643.4
2018,04,29,04,49,643.2,643.2,643.2,643.2
2018,04,29,04,50,642.6,642.6,642.6,642.6
2018,04,29,04,51,642.8,642.8,642.8,642.8
2018,04,29,04,52,643.8,643.8,643.8,643.8
2018,04,29,04,53,644.1,644.1,644.1,644.1
2018,04,29,04,54,643.0,643.0,643.0,643.0
2018,04,29,04,55,642.6,642.6,642.6,642.6
2018,04,29,04,56,642.6,642.6,642.6,642.6
2018,04,29,04,57,642.5,642.5,642.5,642.5
2018,04,29,04,58,643.4,643.4,643.4,643.4
2018,04,29,04,59,643.0,643.0,643.0,643.0
2018,04,29,05,00,642.0,642.0,642.0,642.0
2018,04,29,05,01,642.5,642.5,642.5,642.5
2018,04,29,05,02,643.0,643.0,643.0,643.0
2018,04,29,05,03,642.8,642.8,642.8,642.8
2018,04,29,05,04,642.9,642.9,642.9,642.9
2018,04,29,05,05,642.4,642.4,642.4,642.4
2018,04,29,05,06,641.2,641.2,641.2,641.2
2018,04,29,05,07,640.4,640.4,640.4,640.4
2018,04,29,05,08,640.2,640.2,640.2,640.2
2018,04,29,05,09,641.0,641.0,641.0,641.0
2018,04,29,05,10,642.3,642.3,642.3,642.3
2018,04,29,05,11,641.2,641.2,641.2,641.2
2018,04,29,05,12,639.5,639.5,639.5,639.5
2018,04,29,05,13,639.5,639.5,639.5,639.5
2018,04,29,05,14,639.2,639.2,639.2,639.2
2018,04,29,05,15,638.0,638.0,638.0,638.0
2018,04,29,05,16,638.8,638.8,638.8,638.8
2018,04,29,05,17,638.9,638.9,638.9,638.9
2018,04,29,05,18,640.0,640.0,640.0,640.0
2018,04,29,05,19,638.6,638.6,638.6,638.6
2018,04,29,05,20,639.1,639.1,639.1,639.1
2018,04,29,05,21,639.7,639.7,639.7,639.7
2018,04,29,05,22,639.5,639.5,639.5,639.5
2018,04,29,05,23,639.8,639.8,639.8,639.8
2018,04,29,05,24,639.5,639.5,639.5,639.5
2018,04,29,05,25,640.6,640.6,640.6,640.6
2018,04,29,05,26,638.7,638.7,638.7,638.7
2018,04,29,05,27,637.4,637.4,637.4,637.4
2018,04,29,05,28,639.0,639.0,639.0,639.0
2018,04,29,05,29,639.5,639.5,639.5,639.5
2018,04,29,05,30,639.0,639.0,639.0,639.0
2018,04,29,05,31,637.3,637.3,637.3,637.3
2018,04,29,05,32,638.4,638.4,638.4,638.4
2018,04,29,05,33,635.3,635.3,635.3,635.3
2018,04,29,05,34,636.7,636.7,636.7,636.7
2018,04,29,05,35,636.6,636.6,636.6,636.6
2018,04,29,05,36,637.6,637.6,637.6,637.6
2018,04,29,05,37,637.2,637.2,637.2,637.2
2018,04,29,05,38,638.0,638.0,638.0,638.0
2018,04,29,05,39,638.0,638.0,638.0,638.0
2018,04,29,05,40,636.4,636.4,636.4,636.4
2018,04,29,05,41,636.0,636.0,636.0,636.0
2018,04,29,05,42,637.4,637.4,637.4,637.4
2018,04,29,05,43,636.0,636.0,636.0,636.0
2018,04,29,05,44,635.2,635.2,635.2,635.2
2018,04,29,05,45,635.7,635.7,635.7,635.7
2018,04,29,05,46,637.6,637.6,637.6,637.6
2018,04,29,05,47,636.9,636.9,636.9,636.9
2018,04,29,05,48,635.9,635.9,635.9,635.9
2018,04,29,05,49,636.2,636.2,636.2,636.2
2018,04,29,05,50,637.8,637.8,637.8,637.8
2018,04,29,05,51,635.2,635.2,635.2,635.2
2018,04,29,05,52,634.9,634.9,634.9,634.9
2018,04,29,05,53,634.0,634.0,634.0,634.0
2018,04,29,05,54,634.5,634.5,634.5,634.5
2018,04,29,05,55,635.3,635.3,635.3,635.3
2018,04,29,05,56,635.8,635.8,635.8,635.8
2018,04,29,05,57,635.1,635.1,635.1,635.1
2018,04,29,05,58,635.1,635.1,635.1,635.1
2018,04,29,05,59,634.2,634.2,634.2,634.2
2018,04,29,06,00,635.7,635.7,635.7,635.7
2018,04,29,06,01,634.1,634.1,634.1,634.1
2018,04,29,06,02,635.2,635.2,635.2,635.2
2018,04,29,06,03,634.4,634.4,634.4,634.4
2018,04,29,06,04,633.7,633.7,633.7,633.7
2018,04,29,06,05,634.3,634.3,634.3,634.3
2018,04,29,06,06,635.2,635.2,635.2,635.2
2018,04,29,06,07,633.6,633.6,633.6,633.6
2018,04,29,06,08,633.9,633.9,633.9,633.9
2018,04,29,06,09,634.1,634.1,634.1,634.1
2018,04,29,06,10,632.5,632.5,632.5,632.5
2018,04,29,06,11,632.1,632.1,632.1,632.1
2018,04,29,06,12,634.8,634.8,634.8,634.8
2018,04,29,06,13,633.5,633.5,633.5,633.5
2018,04,29,06,14,632.9,632.9,632.9,632.9
2018,04,29,06,15,633.7,633.7,633.7,633.7
2018,04,29,06,16,633.6,633.6,633.6,633.6
2018,04,29,06,17,633.8,633.8,633.8,633.8
2018,04,29,06,18,633.3,633.3,633.3,633.3
2018,04,29,06,19,633.0,633.0,633.0,633.0
2018,04,29,06,20,632.0,632.0,632.0,632.0
2018,04,29,06,21,631.2,631.2,631.2,631.2
2018,04,29,06,22,631.3,631.3,631.3,631.3
2018,04,29,06,23,635.3,635.3,635.3,635.3
2018,04,29,06,24,631.1,631.1,631.1,631.1
2018,04,29,06,25,631.4,631.4,631.4,631.4
2018,04,29,06,26,631.8,631.8,631.8,631.8
2018,04,29,06,27,632.5,632.5,632.5,632.5
2018,04,29,06,28,632.0,632.0,632.0,632.0
2018,04,29,06,29,630.4,630.4,630.4,630.4
2018,04,29,06,30,631.1,631.1,631.1,631.1
2018,04,29,06,31,630.8,630.8,630.8,630.8
2018,04,29,06,32,633.7,633.7,633.7,633.7
2018,04,29,06,33,632.9,632.9,632.9,632.9
2018,04,29,06,34,631.3,631.3,631.3,631.3
2018,04,29,06,35,632.2,632.2,632.2,632.2
2018,04,29,06,36,630.6,630.6,630.6,630.6
2018,04,29,06,37,629.3,629.3,629.3,629.3
2018,04,29,06,38,632.7,632.7,632.7,632.7
2018,04,29,06,39,632.5,632.5,632.5,632.5
2018,04,29,06,40,631.7,631.7,631.7,631.7
2018,04,29,06,41,630.1,630.1,630.1,630.1
2018,04,29,06,42,630.7,630.7,630.7,630.7
2018,04,29,06,43,630.4,630.4,630.4,630.4
2018,04,29,06,44,632.4,632.4,632.4,632.4
2018,04,29,06,45,630.6,630.6,630.6,630.6
2018,04,29,06,46,629.8,629.8,629.8,629.8
2018,04,29,06,47,631.8,631.8,631.8,631.8
2018,04,29,06,48,633.2,633.2,633.2,633.2
2018,04,29,06,49,631.6,631.6,631.6,631.6
2018,04,29,06,50,630.3,630.3,630.3,630.3
2018,04,29,06,51,632.4,632.4,632.4,632.4
2018,04,29,06,52,632.6,632.6,632.6,632.6
2018,04,29,06,53,630.7,630.7,630.7,630.7
2018,04,29,06,54,632.2,632.2,632.2,632.2
2018,04,29,06,55,631.6,631.6,631.6,631.6
2018,04,29,06,56,630.8,630.8,630.8,630.8
2018,04,29,06,57,630.4,630.4,630.4,630.4
2018,04,29,06,58,630.5,630.5,630.5,630.5
2018,04,29,06,59,633.3,633.3,633.3,633.3
2018,04,29,07,00,631.8,631.8,631.8,631.8
2018,04,29,07,01,631.0,631.0,631.0,631.0
2018,04,29,07,02,632.0,632.0,632.0,632.0
2018,04,29,07,03,631.0,631.0,631.0,631.0
2018,04,29,07,04,631.0,631.0,631.0,631.0
2018,04,29,07,05,629.7,629.7,629.7,629.7
2018,04,29,07,06,630.0,630.0,630.0,630.0
2018,04,29,07,07,630.8,630.8,630.8,630.8
2018,04,29,07,08,630.2,630.2,630.2,630.2
2018,04,29,07,09,630.9,630.9,630.9,630.9
2018,04,29,07,10,632.6,632.6,632.6,632.6
2018,04,29,07,11,631.0,631.0,631.0,631.0
2018,04,29,07,12,629.2,629.2,629.2,629.2
2018,04,29,07,13,630.4,630.4,630.4,630.4
2018,04,29,07,14,631.4,631.4,631.4,631.4
2018,04,29,07,15,631.3,631.3,631.3,631.3
2018,04,29,07,16,628.5,628.5,628.5,628.5
2018,04,29,07,17,629.5,629.5,629.5,629.5
2018,04,29,07,18,625.8,625.8,625.8,625.8
2018,04,29,07,19,630.0,630.0,630.0,630.0
2018,04,29,07,20,629.9,629.9,629.9,629.9
2018,04,29,07,21,630.5,630.5,630.5,630.5
2018,04,29,07,22,629.6,629.6,629.6,629.6
2018,04,29,07,23,630.5,630.5,630.5,630.5
2018,04,29,07,24,630.7,630.7,630.7,630.7
2018,04,29,07,25,634.3,634.3,634.3,634.3
2018,04,29,07,26,633.4,633.4,633.4,633.4
2018,04,29,07,27,632.5,632.5,632.5,632.5
2018,04,29,07,28,630.7,630.7,630.7,630.7
2018,04,29,07,29,631.0,631.0,631.0,631.0
2018,04,29,07,30,630.8,630.8,630.8,630.8
2018,04,29,07,31,629.7,629.7,629.7,629.7
2018,04,29,07,32,629.0,629.0,629.0,629.0
2018,04,29,07,33,630.0,630.0,630.0,630.0
2018,04,29,07,34,629.9,629.9,629.9,629.9
2018,04,29,07,35,629.2,629.2,629.2,629.2
2018,04,29,07,36,630.3,630.3,630.3,630.3
2018,04,29,07,37,630.0,630.0,630.0,630.0
2018,04,29,07,38,629.5,629.5,629.5,629.5
2018,04,29,07,39,629.9,629.9,629.9,629.9
2018,04,29,07,40,631.4,631.4,631.4,631.4
2018,04,29,07,41,631.5,631.5,631.5,631.5
2018,04,29,07,42,630.7,630.7,630.7,630.7
2018,04,29,07,43,629.2,629.2,629.2,629.2
2018,04,29,07,44,630.2,630.2,630.2,630.2
2018,04,29,07,45,627.9,627.9,627.9,627.9
2018,04,29,07,46,629.1,629.1,629.1,629.1
2018,04,29,07,47,630.4,630.4,630.4,630.4
2018,04,29,07,48,630.2,630.2,630.2,630.2
2018,04,29,07,49,630.6,630.6,630.6,630.6
2018,04,29,07,50,629.4,629.4,629.4,629.4
2018,04,29,07,51,629.8,629.8,629.8,629.8
2018,04,29,07,52,631.5,631.5,631.5,631.5
2018,04,29,07,53,631.6,631.6,631.6,631.6
2018,04,29,07,54,632.0,632.0,632.0,632.0
2018,04,29,07,55,629.4,629.4,629.4,629.4
2018,04,29,07,56,630.3,630.3,630.3,630.3
2018,04,29,07,57,628.6,628.6,628.6,628.6
2018,04,29,07,58,631.7,631.7,631.7,631.7
2018,04,29,07,59,631.2,631.2,631.2,631.2
2018,04,29,08,00,630.3,630.3,630.3,630.3
2018,04,29,08,01,629.5,629.5,629.5,629.5
2018,04,29,08,02,629.3,629.3,629.3,629.3
2018,04,29,08,03,631.1,631.1,631.1,631.1
2018,04,29,08,04,630.9,630.9,630.9,630.9
2018,04,29,08,05,630.4,630.4,630.4,630.4
2018,04,29,08,06,630.0,630.0,630.0,630.0
2018,04,29,08,07,631.5,631.5,631.5,631.5
2018,04,29,08,08,631.7,631.7,631.7,631.7
2018,04,29,08,09,633.8,633.8,633.8,633.8
2018,04,29,08,10,631.5,631.5,631.5,631.5
2018,04,29,08,11,633.5,633.5,633.5,633.5
2018,04,29,08,12,630.5,630.5,630.5,630.5
2018,04,29,08,13,631.3,631.3,631.3,631.3
2018,04,29,08,14,630.7,630.7,630.7,630.7
2018,04,29,08,15,629.9,629.9,629.9,629.9
2018,04,29,08,16,630.9,630.9,630.9,630.9
2018,04,29,08,17,630.9,630.9,630.9,630.9
2018,04,29,08,18,630.6,630.6,630.6,630.6
2018,04,29,08,19,632.2,632.2,632.2,632.2
2018,04,29,08,20,632.0,632.0,632.0,632.0
2018,04,29,08,21,631.9,631.9,631.9,631.9
2018,04,29,08,22,630.8,630.8,630.8,630.8
2018,04,29,08,23,630.3,630.3,630.3,630.3
2018,04,29,08,24,629.7,629.7,629.7,629.7
2018,04,29,08,25,632.2,632.2,632.2,632.2
2018,04,29,08,26,631.8,631.8,631.8,631.8
2018,04,29,08,27,631.1,631.1,631.1,631.1
2018,04,29,08,28,632.1,632.1,632.1,632.1
2018,04,29,08,29,631.4,631.4,631.4,631.4
2018,04,29,08,30,632.1,632.1,632.1,632.1
2018,04,29,08,31,631.5,631.5,631.5,631.5
2018,04,29,08,32,632.2,632.2,632.2,632.2
2018,04,29,08,33,632.9,632.9,632.9,632.9
2018,04,29,08,34,633.8,633.8,633.8,633.8
2018,04,29,08,35,632.9,632.9,632.9,632.9
2018,04,29,08,36,631.7,631.7,631.7,631.7
2018,04,29,08,37,633.6,633.6,633.6,633.6
2018,04,29,08,38,634.5,634.5,634.5,634.5
2018,04,29,08,39,634.0,634.0,634.0,634.0
2018,04,29,08,40,636.0,636.0,636.0,636.0
2018,04,29,08,41,633.4,633.4,633.4,633.4
2018,04,29,08,42,635.2,635.2,635.2,635.2
2018,04,29,08,43,636.6,636.6,636.6,636.6
2018,04,29,08,44,635.7,635.7,635.7,635.7
2018,04,29,08,45,636.4,636.4,636.4,636.4
2018,04,29,08,46,637.8,637.8,637.8,637.8
2018,04,29,08,47,637.5,637.5,637.5,637.5
2018,04,29,08,48,634.8,634.8,634.8,634.8
2018,04,29,08,49,635.0,635.0,635.0,635.0
2018,04,29,08,50,635.5,635.5,635.5,635.5
2018,04,29,08,51,634.6,634.6,634.6,634.6
2018,04,29,08,52,634.6,634.6,634.6,634.6
2018,04,29,08,53,634.3,634.3,634.3,634.3
2018,04,29,08,54,634.9,634.9,634.9,634.9
2018,04,29,08,55,637.1,637.1,637.1,637.1
2018,04,29,08,56,638.7,638.7,638.7,638.7
2018,04,29,08,57,638.4,638.4,638.4,638.4
2018,04,29,08,58,637.9,637.9,637.9,637.9
2018,04,29,08,59,639.0,639.0,639.0,639.0
2018,04,29,09,00,638.1,638.1,638.1,638.1
2018,04,29,09,01,639.2,639.2,639.2,639.2
2018,04,29,09,02,639.9,639.9,639.9,639.9
2018,04,29,09,03,638.0,638.0,638.0,638.0
2018,04,29,09,04,639.2,639.2,639.2,639.2
2018,04,29,09,05,639.7,639.7,639.7,639.7
2018,04,29,09,06,639.5,639.5,639.5,639.5
2018,04,29,09,07,640.0,640.0,640.0,640.0
2018,04,29,09,08,641.2,641.2,641.2,641.2
2018,04,29,09,09,641.6,641.6,641.6,641.6
2018,04,29,09,10,639.6,639.6,639.6,639.6
2018,04,29,09,11,643.3,643.3,643.3,643.3
2018,04,29,09,12,643.1,643.1,643.1,643.1
2018,04,29,09,13,643.4,643.4,643.4,643.4
2018,04,29,09,14,645.0,645.0,645.0,645.0
2018,04,29,09,15,643.2,643.2,643.2,643.2
2018,04,29,09,16,643.7,643.7,643.7,643.7
2018,04,29,09,17,643.9,643.9,643.9,643.9
2018,04,29,09,18,645.5,645.5,645.5,645.5
2018,04,29,09,19,646.8,646.8,646.8,646.8
2018,04,29,09,20,645.9,645.9,645.9,645.9
2018,04,29,09,21,649.9,649.9,649.9,649.9
2018,04,29,09,22,650.7,650.7,650.7,650.7
2018,04,29,09,23,650.3,650.3,650.3,650.3
2018,04,29,09,24,651.3,651.3,651.3,651.3
2018,04,29,09,25,651.7,651.7,651.7,651.7
2018,04,29,09,26,652.2,652.2,652.2,652.2
2018,04,29,09,27,651.4,651.4,651.4,651.4
2018,04,29,09,28,648.7,648.7,648.7,648.7
2018,04,29,09,29,650.3,650.3,650.3,650.3
2018,04,29,09,30,650.9,650.9,650.9,650.9
2018,04,29,09,31,651.0,651.0,651.0,651.0
2018,04,29,09,32,651.0,651.0,651.0,651.0
2018,04,29,09,33,652.4,652.4,652.4,652.4
2018,04,29,09,34,652.1,652.1,652.1,652.1
2018,04,29,09,35,650.1,650.1,650.1,650.1
2018,04,29,09,36,652.4,652.4,652.4,652.4
2018,04,29,09,37,653.9,653.9,653.9,653.9
2018,04,29,09,38,652.1,652.1,652.1,652.1
2018,04,29,09,39,651.6,651.6,651.6,651.6
2018,04,29,09,40,652.4,652.4,652.4,652.4
2018,04,29,09,41,653.7,653.7,653.7,653.7
2018,04,29,09,42,655.1,655.1,655.1,655.1
2018,04,29,09,43,655.8,655.8,655.8,655.8
2018,04,29,09,44,656.1,656.1,656.1,656.1
2018,04,29,09,45,657.1,657.1,657.1,657.1
2018,04,29,09,46,654.6,654.6,654.6,654.6
2018,04,29,09,47,655.9,655.9,655.9,655.9
2018,04,29,09,48,655.3,655.3,655.3,655.3
2018,04,29,09,49,656.0,656.0,656.0,656.0
2018,04,29,09,50,656.6,656.6,656.6,656.6
2018,04,29,09,51,656.1,656.1,656.1,656.1
2018,04,29,09,52,659.9,659.9,659.9,659.9
2018,04,29,09,53,658.1,658.1,658.1,658.1
2018,04,29,09,54,658.4,658.4,658.4,658.4
2018,04,29,09,55,657.0,657.0,657.0,657.0
2018,04,29,09,56,657.2,657.2,657.2,657.2
2018,04,29,09,57,659.1,659.1,659.1,659.1
2018,04,29,09,58,657.8,657.8,657.8,657.8
2018,04,29,09,59,659.5,659.5,659.5,659.5
2018,04,29,10,00,657.5,657.5,657.5,657.5
2018,04,29,10,01,658.3,658.3,658.3,658.3
2018,04,29,10,02,659.0,659.0,659.0,659.0
2018,04,29,10,03,657.0,657.0,657.0,657.0
2018,04,29,10,04,657.2,657.2,657.2,657.2
2018,04,29,10,05,653.0,653.0,653.0,653.0
2018,04,29,10,06,653.3,653.3,653.3,653.3
2018,04,29,10,07,652.1,652.1,652.1,652.1
2018,04,29,10,08,653.2,653.2,653.2,653.2
2018,04,29,10,09,651.7,651.7,651.7,651.7
2018,04,29,10,10,652.3,652.3,652.3,652.3
2018,04,29,10,11,652.7,652.7,652.7,652.7
2018,04,29,10,12,652.7,652.7,652.7,652.7
2018,04,29,10,13,653.5,653.5,653.5,653.5
2018,04,29,10,14,654.4,654.4,654.4,654.4
2018,04,29,10,15,653.8,653.8,653.8,653.8
2018,04,29,10,16,654.8,654.8,654.8,654.8
2018,04,29,10,17,655.4,655.4,655.4,655.4
2018,04,29,10,18,654.5,654.5,654.5,654.5
2018,04,29,10,19,654.6,654.6,654.6,654.6
2018,04,29,10,20,654.7,654.7,654.7,654.7
2018,04,29,10,21,654.2,654.2,654.2,654.2
2018,04,29,10,22,651.4,651.4,651.4,651.4
2018,04,29,10,23,653.1,653.1,653.1,653.1
2018,04,29,10,24,655.3,655.3,655.3,655.3
2018,04,29,10,25,652.8,652.8,652.8,652.8
2018,04,29,10,26,654.2,654.2,654.2,654.2
2018,04,29,10,27,651.1,651.1,651.1,651.1
2018,04,29,10,28,651.4,651.4,651.4,651.4
2018,04,29,10,29,650.4,650.4,650.4,650.4
2018,04,29,10,30,651.6,651.6,651.6,651.6
2018,04,29,10,31,651.7,651.7,651.7,651.7
2018,04,29,10,32,651.4,651.4,651.4,651.4
2018,04,29,10,33,652.3,652.3,652.3,652.3
2018,04,29,10,34,650.2,650.2,650.2,650.2
2018,04,29,10,35,648.7,648.7,648.7,648.7
2018,04,29,10,36,648.3,648.3,648.3,648.3
2018,04,29,10,37,648.9,648.9,648.9,648.9
2018,04,29,10,38,648.7,648.7,648.7,648.7
2018,04,29,10,39,650.6,650.6,650.6,650.6
2018,04,29,10,40,649.5,649.5,649.5,649.5
2018,04,29,10,41,648.6,648.6,648.6,648.6
2018,04,29,10,42,650.0,650.0,650.0,650.0
2018,04,29,10,43,648.5,648.5,648.5,648.5
2018,04,29,10,44,647.3,647.3,647.3,647.3
2018,04,29,10,45,649.8,649.8,649.8,649.8
2018,04,29,10,46,652.3,652.3,652.3,652.3
2018,04,29,10,47,651.7,651.7,651.7,651.7
2018,04,29,10,48,652.2,652.2,652.2,652.2
2018,04,29,10,49,652.5,652.5,652.5,652.5
2018,04,29,10,50,652.6,652.6,652.6,652.6
2018,04,29,10,51,652.9,652.9,652.9,652.9
2018,04,29,10,52,651.4,651.4,651.4,651.4
2018,04,29,10,53,651.6,651.6,651.6,651.6
2018,04,29,10,54,652.4,652.4,652.4,652.4
2018,04,29,10,55,651.9,651.9,651.9,651.9
2018,04,29,10,56,652.4,652.4,652.4,652.4
2018,04,29,10,57,651.6,651.6,651.6,651.6
2018,04,29,10,58,652.2,652.2,652.2,652.2
2018,04,29,10,59,650.9,650.9,650.9,650.9
2018,04,29,11,00,651.8,651.8,651.8,651.8
2018,04,29,11,01,650.4,650.4,650.4,650.4
2018,04,29,11,02,650.6,650.6,650.6,650.6
2018,04,29,11,03,652.0,652.0,652.0,652.0
2018,04,29,11,04,654.1,654.1,654.1,654.1
2018,04,29,11,05,653.1,653.1,653.1,653.1
2018,04,29,11,06,652.3,652.3,652.3,652.3
2018,04,29,11,07,652.1,652.1,652.1,652.1
2018,04,29,11,08,653.8,653.8,653.8,653.8
2018,04,29,11,09,653.2,653.2,653.2,653.2
2018,04,29,11,10,650.0,650.0,650.0,650.0
2018,04,29,11,11,650.1,650.1,650.1,650.1
2018,04,29,11,12,650.7,650.7,650.7,650.7
2018,04,29,11,13,651.7,651.7,651.7,651.7
2018,04,29,11,14,652.0,652.0,652.0,652.0
2018,04,29,11,15,653.6,653.6,653.6,653.6
2018,04,29,11,16,668.0,668.0,668.0,668.0
2018,04,29,11,17,652.1,652.1,652.1,652.1
2018,04,29,11,18,651.8,651.8,651.8,651.8
2018,04,29,11,19,651.6,651.6,651.6,651.6
2018,04,29,11,20,650.2,650.2,650.2,650.2
2018,04,29,11,21,651.5,651.5,651.5,651.5
2018,04,29,11,22,652.9,652.9,652.9,652.9
2018,04,29,11,23,653.1,653.1,653.1,653.1
2018,04,29,11,24,649.1,649.1,649.1,649.1
2018,04,29,11,25,652.5,652.5,652.5,652.5
2018,04,29,11,26,653.9,653.9,653.9,653.9
2018,04,29,11,27,653.9,653.9,653.9,653.9
2018,04,29,11,28,653.0,653.0,653.0,653.0
2018,04,29,11,29,651.1,651.1,651.1,651.1
2018,04,29,11,30,652.9,652.9,652.9,652.9
2018,04,29,11,31,653.3,653.3,653.3,653.3
2018,04,29,11,32,650.9,650.9,650.9,650.9
2018,04,29,11,33,652.4,652.4,652.4,652.4
2018,04,29,11,34,651.8,651.8,651.8,651.8
2018,04,29,11,35,653.1,653.1,653.1,653.1
2018,04,29,11,36,650.5,650.5,650.5,650.5
2018,04,29,11,37,650.3,650.3,650.3,650.3
2018,04,29,11,38,649.6,649.6,649.6,649.6
2018,04,29,11,39,653.5,653.5,653.5,653.5
2018,04,29,11,40,654.8,654.8,654.8,654.8
2018,04,29,11,41,654.8,654.8,654.8,654.8
2018,04,29,11,42,655.8,655.8,655.8,655.8
2018,04,29,11,43,657.4,657.4,657.4,657.4
2018,04,29,11,44,653.7,653.7,653.7,653.7
2018,04,29,11,45,657.0,657.0,657.0,657.0
2018,04,29,11,46,656.9,656.9,656.9,656.9
2018,04,29,11,47,656.1,656.1,656.1,656.1
2018,04,29,11,48,659.5,659.5,659.5,659.5
2018,04,29,11,49,658.4,658.4,658.4,658.4
2018,04,29,11,50,657.3,657.3,657.3,657.3
2018,04,29,11,51,657.3,657.3,657.3,657.3
2018,04,29,11,52,658.6,658.6,658.6,658.6
2018,04,29,11,53,658.4,658.4,658.4,658.4
2018,04,29,11,54,658.0,658.0,658.0,658.0
2018,04,29,11,55,657.6,657.6,657.6,657.6
2018,04,29,11,56,659.8,659.8,659.8,659.8
2018,04,29,11,57,659.2,659.2,659.2,659.2
2018,04,29,11,58,658.5,658.5,658.5,658.5
2018,04,29,11,59,658.1,658.1,658.1,658.1
2018,04,29,12,00,657.0,657.0,657.0,657.0
2018,04,29,12,01,665.9,665.9,665.9,665.9
2018,04,29,12,02,667.5,667.5,667.5,667.5
2018,04,29,12,03,668.6,668.6,668.6,668.6
2018,04,29,12,04,669.0,669.0,669.0,669.0
2018,04,29,12,05,667.0,667.0,667.0,667.0
2018,04,29,12,06,668.0,668.0,668.0,668.0
2018,04,29,12,07,667.8,667.8,667.8,667.8
2018,04,29,12,08,668.0,668.0,668.0,668.0
2018,04,29,12,09,665.9,665.9,665.9,665.9
2018,04,29,12,10,667.3,667.3,667.3,667.3
2018,04,29,12,11,667.8,667.8,667.8,667.8
2018,04,29,12,12,665.0,665.0,665.0,665.0
2018,04,29,12,13,667.9,667.9,667.9,667.9
2018,04,29,12,14,668.2,668.2,668.2,668.2
2018,04,29,12,15,668.3,668.3,668.3,668.3
2018,04,29,12,16,668.1,668.1,668.1,668.1
2018,04,29,12,17,669.9,669.9,669.9,669.9
2018,04,29,12,18,668.6,668.6,668.6,668.6
2018,04,29,12,19,670.6,670.6,670.6,670.6
2018,04,29,12,20,670.5,670.5,670.5,670.5
2018,04,29,12,21,670.3,670.3,670.3,670.3
2018,04,29,12,22,670.5,670.5,670.5,670.5
2018,04,29,12,23,670.6,670.6,670.6,670.6
2018,04,29,12,24,668.9,668.9,668.9,668.9
2018,04,29,12,25,670.5,670.5,670.5,670.5
2018,04,29,12,26,671.6,671.6,671.6,671.6
2018,04,29,12,27,672.4,672.4,672.4,672.4
2018,04,29,12,28,672.5,672.5,672.5,672.5
2018,04,29,12,29,672.0,672.0,672.0,672.0
2018,04,29,12,30,673.3,673.3,673.3,673.3
2018,04,29,12,31,671.3,671.3,671.3,671.3
2018,04,29,12,32,686.7,686.7,686.7,686.7
2018,04,29,12,33,672.2,672.2,672.2,672.2
2018,04,29,12,34,671.3,671.3,671.3,671.3
2018,04,29,12,35,672.3,672.3,672.3,672.3
2018,04,29,12,36,673.0,673.0,673.0,673.0
2018,04,29,12,37,673.1,673.1,673.1,673.1
2018,04,29,12,38,673.5,673.5,673.5,673.5
2018,04,29,12,39,673.5,673.5,673.5,673.5
2018,04,29,12,40,673.6,673.6,673.6,673.6
2018,04,29,12,41,673.6,673.6,673.6,673.6
2018,04,29,12,42,672.0,672.0,672.0,672.0
2018,04,29,12,43,671.0,671.0,671.0,671.0
2018,04,29,12,44,673.4,673.4,673.4,673.4
2018,04,29,12,45,674.3,674.3,674.3,674.3
2018,04,29,12,46,673.8,673.8,673.8,673.8
2018,04,29,12,47,672.6,672.6,672.6,672.6
2018,04,29,12,48,672.4,672.4,672.4,672.4
2018,04,29,12,49,673.9,673.9,673.9,673.9
2018,04,29,12,50,670.8,670.8,670.8,670.8
2018,04,29,12,51,671.7,671.7,671.7,671.7
2018,04,29,12,52,673.4,673.4,673.4,673.4
2018,04,29,12,53,673.5,673.5,673.5,673.5
2018,04,29,12,54,672.2,672.2,672.2,672.2
2018,04,29,12,55,674.6,674.6,674.6,674.6
2018,04,29,12,56,674.5,674.5,674.5,674.5
2018,04,29,12,57,675.1,675.1,675.1,675.1
2018,04,29,12,58,675.0,675.0,675.0,675.0
2018,04,29,12,59,673.5,673.5,673.5,673.5
2018,04,29,13,00,673.8,673.8,673.8,673.8
2018,04,29,13,01,675.3,675.3,675.3,675.3
2018,04,29,13,02,674.7,674.7,674.7,674.7
2018,04,29,13,03,674.3,674.3,674.3,674.3
2018,04,29,13,04,673.4,673.4,673.4,673.4
2018,04,29,13,05,671.2,671.2,671.2,671.2
2018,04,29,13,06,674.6,674.6,674.6,674.6
2018,04,29,13,07,674.1,674.1,674.1,674.1
2018,04,29,13,08,673.2,673.2,673.2,673.2
2018,04,29,13,09,672.6,672.6,672.6,672.6
2018,04,29,13,10,669.9,669.9,669.9,669.9
2018,04,29,13,11,672.2,672.2,672.2,672.2
2018,04,29,13,12,672.5,672.5,672.5,672.5
2018,04,29,13,13,673.0,673.0,673.0,673.0
2018,04,29,13,14,671.2,671.2,671.2,671.2
2018,04,29,13,15,671.9,671.9,671.9,671.9
2018,04,29,13,16,672.0,672.0,672.0,672.0
2018,04,29,13,17,672.0,672.0,672.0,672.0
2018,04,29,13,18,671.2,671.2,671.2,671.2
2018,04,29,13,19,669.9,669.9,669.9,669.9
2018,04,29,13,20,671.6,671.6,671.6,671.6
2018,04,29,13,21,672.4,672.4,672.4,672.4
2018,04,29,13,22,672.0,672.0,672.0,672.0
2018,04,29,13,23,669.9,669.9,669.9,669.9
2018,04,29,13,24,671.1,671.1,671.1,671.1
2018,04,29,13,25,670.1,670.1,670.1,670.1
2018,04,29,13,26,668.6,668.6,668.6,668.6
2018,04,29,13,27,671.3,671.3,671.3,671.3
2018,04,29,13,28,670.8,670.8,670.8,670.8
2018,04,29,13,29,670.4,670.4,670.4,670.4
2018,04,29,13,30,668.8,668.8,668.8,668.8
2018,04,29,13,31,671.7,671.7,671.7,671.7
2018,04,29,13,32,670.5,670.5,670.5,670.5
2018,04,29,13,33,670.5,670.5,670.5,670.5
2018,04,29,13,34,671.8,671.8,671.8,671.8
2018,04,29,13,35,667.6,667.6,667.6,667.6
2018,04,29,13,36,660.0,660.0,660.0,660.0
2018,04,29,13,37,663.3,663.3,663.3,663.3
2018,04,29,13,38,670.8,670.8,670.8,670.8
2018,04,29,13,39,666.2,666.2,666.2,666.2
2018,04,29,13,40,668.1,668.1,668.1,668.1
2018,04,29,13,41,669.4,669.4,669.4,669.4
2018,04,29,13,42,670.1,670.1,670.1,670.1
2018,04,29,13,43,668.6,668.6,668.6,668.6
2018,04,29,13,44,666.8,666.8,666.8,666.8
2018,04,29,13,45,667.0,667.0,667.0,667.0
2018,04,29,13,46,665.3,665.3,665.3,665.3
2018,04,29,13,47,666.7,666.7,666.7,666.7
2018,04,29,13,48,665.9,665.9,665.9,665.9
2018,04,29,13,49,664.3,664.3,664.3,664.3
2018,04,29,13,50,666.0,666.0,666.0,666.0
2018,04,29,13,51,665.3,665.3,665.3,665.3
2018,04,29,13,52,662.0,662.0,662.0,662.0
2018,04,29,13,53,664.0,664.0,664.0,664.0
2018,04,29,13,54,662.8,662.8,662.8,662.8
2018,04,29,13,55,665.2,665.2,665.2,665.2
2018,04,29,13,56,665.1,665.1,665.1,665.1
2018,04,29,13,57,664.4,664.4,664.4,664.4
2018,04,29,13,58,665.1,665.1,665.1,665.1
2018,04,29,13,59,664.0,664.0,664.0,664.0
2018,04,29,14,00,665.4,665.4,665.4,665.4
2018,04,29,14,01,664.8,664.8,664.8,664.8
2018,04,29,14,02,663.6,663.6,663.6,663.6
2018,04,29,14,03,665.0,665.0,665.0,665.0
2018,04,29,14,04,665.9,665.9,665.9,665.9
2018,04,29,14,05,663.9,663.9,663.9,663.9
2018,04,29,14,06,660.6,660.6,660.6,660.6
2018,04,29,14,07,663.9,663.9,663.9,663.9
2018,04,29,14,08,664.9,664.9,664.9,664.9
2018,04,29,14,09,663.1,663.1,663.1,663.1
2018,04,29,14,10,662.2,662.2,662.2,662.2
2018,04,29,14,11,660.2,660.2,660.2,660.2
2018,04,29,14,12,661.6,661.6,661.6,661.6
2018,04,29,14,13,662.9,662.9,662.9,662.9
2018,04,29,14,14,661.8,661.8,661.8,661.8
2018,04,29,14,15,663.3,663.3,663.3,663.3
2018,04,29,14,16,660.9,660.9,660.9,660.9
2018,04,29,14,17,659.4,659.4,659.4,659.4
2018,04,29,14,18,660.9,660.9,660.9,660.9
2018,04,29,14,19,659.0,659.0,659.0,659.0
2018,04,29,14,20,659.5,659.5,659.5,659.5
2018,04,29,14,21,660.0,660.0,660.0,660.0
2018,04,29,14,22,660.5,660.5,660.5,660.5
2018,04,29,14,23,661.0,661.0,661.0,661.0
2018,04,29,14,24,661.9,661.9,661.9,661.9
2018,04,29,14,25,659.1,659.1,659.1,659.1
2018,04,29,14,26,658.4,658.4,658.4,658.4
2018,04,29,14,27,658.8,658.8,658.8,658.8
2018,04,29,14,28,658.4,658.4,658.4,658.4
2018,04,29,14,29,655.0,655.0,655.0,655.0
2018,04,29,14,30,654.6,654.6,654.6,654.6
2018,04,29,14,31,652.6,652.6,652.6,652.6
2018,04,29,14,32,653.6,653.6,653.6,653.6
2018,04,29,14,33,650.2,650.2,650.2,650.2
2018,04,29,14,34,652.6,652.6,652.6,652.6
2018,04,29,14,35,651.7,651.7,651.7,651.7
2018,04,29,14,36,652.1,652.1,652.1,652.1
2018,04,29,14,37,651.7,651.7,651.7,651.7
2018,04,29,14,38,653.4,653.4,653.4,653.4
